{"cameraMode":{"drawMode":0,"name":"Shaded","section":"Shading Mode"},"sceneLighting":true,"audioPlay":false,"sceneViewState":{"showFog":false,"showMaterialUpdate":false,"showSkybox":false,"showFlares":true,"showImageEffects":true,"showParticleSystems":true},"in2DMode":false,"pivot":{"x":-1.058091640472412,"y":-5.877808570861816,"z":16.1691951751709},"rotation":{"x":-0.21859434247016908,"y":0.12750305235385896,"z":-0.028837868943810464,"w":-0.967042863368988},"size":9.003337860107422,"orthographic":false}