{"cameraMode":{"drawMode":0,"name":"Shaded","section":"Shading Mode"},"sceneLighting":true,"audioPlay":false,"sceneViewState":{"showFog":false,"showMaterialUpdate":false,"showSkybox":false,"showFlares":true,"showImageEffects":true,"showParticleSystems":true},"in2DMode":false,"pivot":{"x":-8.082122802734375,"y":-0.9365606307983398,"z":8.34455394744873},"rotation":{"x":-0.1295499950647354,"y":0.4296436309814453,"z":-0.06243657320737839,"w":-0.8914845585823059},"size":7.937718868255615,"orthographic":false}