{"cameraMode":{"drawMode":0,"name":"Shaded","section":"Shading Mode"},"sceneLighting":true,"audioPlay":false,"sceneViewState":{"showFog":false,"showMaterialUpdate":false,"showSkybox":false,"showFlares":true,"showImageEffects":true,"showParticleSystems":true},"in2DMode":false,"pivot":{"x":-2.66217041015625,"y":-7.31856107711792,"z":22.486143112182618},"rotation":{"x":-0.21091707050800324,"y":0.0840403363108635,"z":-0.018220366910099984,"w":-0.9737434983253479},"size":13.379817962646485,"orthographic":false}