{"cameraMode":{"drawMode":0,"name":"Shaded","section":"Shading Mode"},"sceneLighting":true,"audioPlay":false,"sceneViewState":{"showFog":false,"showMaterialUpdate":false,"showSkybox":false,"showFlares":true,"showImageEffects":true,"showParticleSystems":true},"in2DMode":false,"pivot":{"x":-11.142462730407715,"y":-10.712503433227539,"z":11.476588249206543},"rotation":{"x":-0.26664093136787417,"y":0.38664335012435915,"z":-0.1178501695394516,"w":-0.8749732375144959},"size":13.379817962646485,"orthographic":false}